-- MySQL dump 10.13  Distrib 5.5.20, for osx10.6 (i386)
--
-- Host: localhost    Database: olympus
-- ------------------------------------------------------
-- Server version	5.5.20-log

/*!40101 SET @OLD_CHARACTER_SET_CLIENT=@@CHARACTER_SET_CLIENT */;
/*!40101 SET @OLD_CHARACTER_SET_RESULTS=@@CHARACTER_SET_RESULTS */;
/*!40101 SET @OLD_COLLATION_CONNECTION=@@COLLATION_CONNECTION */;
/*!40101 SET NAMES utf8 */;
/*!40103 SET @OLD_TIME_ZONE=@@TIME_ZONE */;
/*!40103 SET TIME_ZONE='+00:00' */;
/*!40014 SET @OLD_UNIQUE_CHECKS=@@UNIQUE_CHECKS, UNIQUE_CHECKS=0 */;
/*!40014 SET @OLD_FOREIGN_KEY_CHECKS=@@FOREIGN_KEY_CHECKS, FOREIGN_KEY_CHECKS=0 */;
/*!40101 SET @OLD_SQL_MODE=@@SQL_MODE, SQL_MODE='NO_AUTO_VALUE_ON_ZERO' */;
/*!40111 SET @OLD_SQL_NOTES=@@SQL_NOTES, SQL_NOTES=0 */;

--
-- Table structure for table `AccountRole`
--

DROP TABLE IF EXISTS `AccountRole`;
/*!40101 SET @saved_cs_client     = @@character_set_client */;
/*!40101 SET character_set_client = utf8 */;
CREATE TABLE `AccountRole` (
  `RoleId` int(11) NOT NULL DEFAULT '0',
  `AccountId` int(11) NOT NULL DEFAULT '0',
  `createdAt` datetime NOT NULL,
  `updatedAt` datetime NOT NULL,
  PRIMARY KEY (`RoleId`,`AccountId`)
) ENGINE=InnoDB DEFAULT CHARSET=latin1;
/*!40101 SET character_set_client = @saved_cs_client */;

--
-- Dumping data for table `AccountRole`
--

LOCK TABLES `AccountRole` WRITE;
/*!40000 ALTER TABLE `AccountRole` DISABLE KEYS */;
/*!40000 ALTER TABLE `AccountRole` ENABLE KEYS */;
UNLOCK TABLES;

--
-- Table structure for table `Comment`
--

DROP TABLE IF EXISTS `Comment`;
/*!40101 SET @saved_cs_client     = @@character_set_client */;
/*!40101 SET character_set_client = utf8 */;
CREATE TABLE `Comment` (
  `id` int(11) NOT NULL AUTO_INCREMENT,
  `AccountId` int(11) DEFAULT NULL,
  `DirectoryId` int(11) DEFAULT NULL,
  `FileId` int(11) DEFAULT NULL,
  `payload` varchar(255) DEFAULT NULL,
  `createdAt` datetime NOT NULL,
  `updatedAt` datetime NOT NULL,
  PRIMARY KEY (`id`)
) ENGINE=InnoDB AUTO_INCREMENT=19 DEFAULT CHARSET=latin1;
/*!40101 SET character_set_client = @saved_cs_client */;

--
-- Dumping data for table `Comment`
--

LOCK TABLES `Comment` WRITE;
/*!40000 ALTER TABLE `Comment` DISABLE KEYS */;
INSERT INTO `Comment` VALUES (1,3,10001,NULL,'http://localhost:5008/#overview','2012-10-15 10:08:09','2012-10-15 10:08:09'),(2,3,10002,NULL,'v\n','2012-10-15 10:13:27','2012-10-15 10:13:27'),(3,3,10002,NULL,'d\n','2012-10-15 10:29:37','2012-10-15 10:29:37'),(4,3,10001,NULL,'d\n','2012-10-15 12:37:15','2012-10-15 12:37:15'),(5,3,NULL,10,'a\n','2012-10-15 12:46:34','2012-10-15 12:46:34'),(6,3,10001,NULL,'d\n','2012-10-15 12:48:12','2012-10-15 12:48:12'),(7,3,10002,NULL,'x\n','2012-10-15 12:49:06','2012-10-15 12:49:06'),(8,3,10001,NULL,'hi\n','2012-10-15 12:51:31','2012-10-15 12:51:31'),(9,3,10001,NULL,'ey\n','2012-10-15 12:51:34','2012-10-15 12:51:34'),(10,3,10001,NULL,'ok\n','2012-10-15 12:51:36','2012-10-15 12:51:36'),(11,3,10001,NULL,'x\n','2012-10-15 12:51:47','2012-10-15 12:51:47'),(12,3,10001,NULL,'x\n','2012-10-15 12:51:47','2012-10-15 12:51:47'),(13,3,10001,NULL,'x\nx','2012-10-15 12:51:47','2012-10-15 12:51:47'),(14,3,10001,NULL,'\nx','2012-10-15 12:51:47','2012-10-15 12:51:47'),(15,3,10001,NULL,'\n','2012-10-15 12:51:48','2012-10-15 12:51:48'),(16,3,10001,NULL,'x\nx','2012-10-15 12:51:48','2012-10-15 12:51:48'),(17,3,10001,NULL,'\nx','2012-10-15 12:51:48','2012-10-15 12:51:48'),(18,3,10001,NULL,'\n','2012-10-15 12:51:48','2012-10-15 12:51:48');
/*!40000 ALTER TABLE `Comment` ENABLE KEYS */;
UNLOCK TABLES;

--
-- Table structure for table `Directory`
--

DROP TABLE IF EXISTS `Directory`;
/*!40101 SET @saved_cs_client     = @@character_set_client */;
/*!40101 SET character_set_client = utf8 */;
CREATE TABLE `Directory` (
  `id` int(11) NOT NULL AUTO_INCREMENT,
  `DirectoryId` int(11) DEFAULT NULL,
  `name` varchar(255) DEFAULT NULL,
  `deleted` tinyint(1) DEFAULT NULL,
  `createdAt` datetime NOT NULL,
  `updatedAt` datetime NOT NULL,
  PRIMARY KEY (`id`)
) ENGINE=InnoDB AUTO_INCREMENT=10102 DEFAULT CHARSET=latin1;
/*!40101 SET character_set_client = @saved_cs_client */;

--
-- Dumping data for table `Directory`
--

LOCK TABLES `Directory` WRITE;
/*!40000 ALTER TABLE `Directory` DISABLE KEYS */;
INSERT INTO `Directory` VALUES (10001,NULL,'Finance',NULL,'2012-08-23 19:50:58','2012-08-23 14:50:58'),(10002,NULL,'Marketing',NULL,'2012-08-23 19:50:58','2012-08-03 19:50:58'),(10003,NULL,'Sales',NULL,'2012-08-23 19:50:59','2012-06-23 19:50:59'),(10004,NULL,'Operations',NULL,'2012-08-23 19:50:59','2012-07-23 19:50:59'),(10005,10004,'IT',1,'2012-08-23 19:50:59','2012-08-23 19:50:59'),(10006,10003,'Clients',1,'2012-08-23 19:50:59','2012-08-23 19:50:59'),(10007,10008,'Advertising',NULL,'2012-08-23 19:50:59','2012-09-27 18:28:50'),(10008,10001,'Budget',NULL,'2012-08-23 19:50:59','2012-08-23 19:50:59'),(10009,10001,'Payrollllll',NULL,'0000-00-00 00:00:00','2012-10-15 12:39:49'),(10010,10001,'New Folder',NULL,'2012-10-14 21:12:40','2012-10-14 21:12:40'),(10011,NULL,'New Folder',1,'2012-10-15 12:45:16','2012-10-30 14:16:48'),(10012,10001,'hi',NULL,'2012-10-15 20:43:08','2012-10-15 20:43:10'),(10013,NULL,'xxsgadga',1,'2012-10-15 20:43:12','2012-10-15 20:43:17'),(10014,NULL,'Blah',1,'2012-10-22 16:46:49','2012-10-22 16:47:07'),(10015,10003,'Blah',NULL,'2012-10-22 16:47:09','2012-10-22 16:47:11'),(10016,10003,'Zasp',NULL,'2012-10-22 16:47:14','2012-10-22 16:47:16'),(10017,NULL,'New Folder',1,'2012-10-22 16:47:21','2012-10-30 14:19:09'),(10018,10003,'Grarp',NULL,'2012-10-22 16:47:31','2012-10-22 16:47:34'),(10019,NULL,'New Folder',1,'2012-10-22 16:47:35','2012-10-30 14:09:01'),(10020,10001,'New Folder',NULL,'2012-10-22 23:20:37','2012-10-22 23:20:37'),(10021,NULL,'New Folder',1,'2012-10-22 23:21:25','2012-10-22 23:22:03'),(10022,10004,'hello',NULL,'2012-10-22 23:22:13','2012-10-22 23:22:25'),(10023,NULL,'test',1,'2012-10-22 23:23:57','2012-10-22 23:50:24'),(10024,10004,'dfgdfs',NULL,'2012-10-22 23:24:25','2012-10-22 23:24:27'),(10025,NULL,'New Folder',1,'2012-10-22 23:24:28','2012-10-22 23:37:39'),(10026,NULL,'New Folder',1,'2012-10-22 23:24:30','2012-10-22 23:37:43'),(10027,NULL,'New Folder',1,'2012-10-22 23:24:31','2012-10-22 23:37:45'),(10028,NULL,'New Folder',1,'2012-10-22 23:24:56','2012-10-22 23:37:47'),(10029,NULL,'New Folder',1,'2012-10-22 23:33:25','2012-10-30 14:37:45'),(10030,NULL,'New Folder',1,'2012-10-22 23:33:50','2012-10-22 23:37:48'),(10031,NULL,'fewf',1,'2012-10-22 23:36:06','2012-10-22 23:50:25'),(10032,NULL,'New Folder',1,'2012-10-22 23:37:53','2012-10-22 23:50:28'),(10033,NULL,'asfasd',1,'2012-10-22 23:39:13','2012-10-22 23:50:23'),(10034,NULL,'zxczdc',1,'2012-10-22 23:39:36','2012-10-22 23:50:27'),(10035,NULL,'New Folder',1,'2012-10-22 23:40:00','2012-10-22 23:50:21'),(10036,NULL,'New Folder',1,'2012-10-22 23:43:51','2012-10-22 23:51:50'),(10037,NULL,'New Folder',1,'2012-10-22 23:47:20','2012-10-22 23:51:52'),(10038,NULL,'New Folder',1,'2012-10-22 23:47:52','2012-10-22 23:50:17'),(10039,NULL,'New Folder',1,'2012-10-22 23:49:45','2012-10-22 23:50:19'),(10040,NULL,'New Folder',1,'2012-10-22 23:50:30','2012-10-22 23:51:54'),(10041,NULL,'New Folder',1,'2012-10-22 23:51:56','2012-10-22 23:52:30'),(10042,NULL,'New Folder',1,'2012-10-22 23:52:33','2012-10-22 23:52:43'),(10043,NULL,'New Folder',1,'2012-10-22 23:53:13','2012-10-23 00:09:09'),(10044,NULL,'New Folder',1,'2012-10-23 00:01:37','2012-10-23 00:09:10'),(10045,NULL,'sadfsad',1,'2012-10-23 00:01:39','2012-10-23 00:09:12'),(10046,NULL,'New Folder',1,'2012-10-23 00:01:40','2012-10-23 00:09:13'),(10047,NULL,'New Folder',1,'2012-10-23 00:06:51','2012-10-23 00:09:17'),(10048,NULL,'New Folder',1,'2012-10-23 00:07:06','2012-10-23 00:09:16'),(10049,NULL,'New Folder',1,'2012-10-23 00:07:40','2012-10-23 00:09:19'),(10050,10004,'srtr\\',NULL,'2012-10-23 00:09:24','2012-10-23 00:09:28'),(10051,10004,'asdfasdf',NULL,'2012-10-23 00:09:31','2012-10-23 00:09:33'),(10052,10004,'New Folder',NULL,'2012-10-23 00:09:37','2012-10-23 00:09:37'),(10053,NULL,'New Folder',1,'2012-10-23 00:14:40','2012-10-23 00:25:32'),(10054,NULL,'New Folder',1,'2012-10-23 00:24:15','2012-10-23 00:25:42'),(10055,NULL,'New Folder',1,'2012-10-23 00:24:23','2012-10-23 00:25:37'),(10056,10004,'New Folder (copy)',NULL,'2012-10-23 00:25:51','2012-10-23 00:25:51'),(10057,10004,'New Folder (copy 2)',NULL,'2012-10-23 00:25:53','2012-10-23 00:25:53'),(10058,10004,'New Folder (copy 3)',NULL,'2012-10-23 00:26:01','2012-10-23 00:26:01'),(10059,10004,'New Folder (copy 4)',NULL,'2012-10-23 00:26:04','2012-10-23 00:26:04'),(10060,10004,'New Folder (copy 5)',NULL,'2012-10-23 00:26:05','2012-10-23 00:26:05'),(10061,10004,'New Folder (copy 6)',NULL,'2012-10-23 00:26:41','2012-10-23 00:26:41'),(10062,10004,'New Folder (copy 7)',NULL,'2012-10-23 00:27:14','2012-10-23 00:27:14'),(10063,NULL,'New Folder (copy)',1,'2012-10-23 15:51:50','2012-10-30 14:16:53'),(10064,NULL,'New Folder (copy 2)',1,'2012-10-23 15:53:08','2012-10-30 14:37:43'),(10065,NULL,'New Folder (copy 3)',1,'2012-10-23 15:53:27','2012-10-30 14:37:43'),(10066,NULL,'New Folder',1,'2012-10-30 14:07:23','2012-10-30 14:37:43'),(10067,NULL,'New Folder',1,'2012-10-30 14:08:47','2012-10-30 14:16:48'),(10068,NULL,'New Folder (copy)',1,'2012-10-30 14:09:06','2012-10-30 14:16:48'),(10069,NULL,'New Folder (copy 2)',1,'2012-10-30 14:09:30','2012-10-30 14:16:56'),(10070,NULL,'New Folder (copy 4)',1,'2012-10-30 14:09:39','2012-10-30 14:16:58'),(10071,NULL,'New Folder (copy 5)',1,'2012-10-30 14:09:50','2012-10-30 14:17:00'),(10072,NULL,'New Folder (copy 2)',1,'2012-10-30 14:10:47','2012-10-30 14:16:33'),(10073,NULL,'New Folder',1,'2012-10-30 14:17:58','2012-10-30 14:18:05'),(10074,10006,'New Folder',NULL,'2012-10-30 14:18:32','2012-10-30 14:18:32'),(10075,NULL,'New Folder (copy)',1,'2012-10-30 14:19:13','2012-10-30 14:19:27'),(10076,NULL,'New Folder (copy)',1,'2012-10-30 14:19:30','2012-10-30 14:19:58'),(10077,NULL,'New Folder (copy)',1,'2012-10-30 14:20:37','2012-10-30 14:24:02'),(10078,NULL,'New Folder (copy)',1,'2012-10-30 14:24:22','2012-10-30 14:24:27'),(10079,NULL,'New Folder (copy)',1,'2012-10-30 14:24:40','2012-10-30 14:31:27'),(10080,NULL,'New Folder (copy)',1,'2012-10-30 14:32:15','2012-10-30 14:32:28'),(10081,NULL,'New Folder (copy)',1,'2012-10-30 14:33:21','2012-10-30 14:37:25'),(10082,NULL,'New Folder',1,'2012-10-30 14:37:58','2012-10-30 14:40:31'),(10083,NULL,'New Folder',1,'2012-10-30 14:40:43','2012-10-30 14:42:40'),(10084,NULL,'New Folder',1,'2012-10-30 14:42:46','2012-10-30 14:43:13'),(10085,NULL,'New Folder',1,'2012-10-30 16:36:31','2012-10-30 16:46:08'),(10086,NULL,'New Folder (copy)',1,'2012-10-30 16:37:02','2012-10-30 16:37:05'),(10087,NULL,'New Folder (copy)',1,'2012-10-30 16:37:52','2012-10-30 16:46:06'),(10088,NULL,'New Folder (copy 2)',1,'2012-10-30 16:40:35','2012-10-30 16:46:03'),(10089,10006,'New Folder (copy)',NULL,'2012-10-30 16:41:10','2012-10-30 16:41:10'),(10090,10006,'New Folder (copy 2)',NULL,'2012-10-30 16:41:36','2012-10-30 16:41:36'),(10091,10006,'New Folder (copy 3)',NULL,'2012-10-30 16:42:06','2012-10-30 16:42:06'),(10092,NULL,'New Folder (copy 4)',1,'2012-10-30 16:45:16','2012-10-30 16:45:27'),(10093,NULL,'New Folder',1,'2012-10-30 16:46:11','2012-10-30 16:46:47'),(10094,NULL,'New Folder',1,'2012-10-30 16:46:28','2012-10-30 16:46:47'),(10095,10015,'New Folder',NULL,'2012-10-30 16:46:56','2012-10-30 16:46:56'),(10096,10006,'New Folder (copy 4)',NULL,'2012-10-30 16:47:40','2012-10-30 16:47:40'),(10097,10006,'New Folder (copy 5)',NULL,'2012-10-30 16:48:22','2012-10-30 16:48:22'),(10098,10006,'New Folder (copy 6)',NULL,'2012-10-30 16:48:38','2012-10-30 16:48:38'),(10099,10006,'New Folder (copy 7)',NULL,'2012-10-30 16:52:14','2012-10-30 16:52:14'),(10100,10006,'New Folder (copy 8)',NULL,'2012-10-30 16:55:50','2012-10-30 16:55:50'),(10101,10006,'New Folder (copy 9)',NULL,'2012-10-30 16:58:14','2012-10-30 16:58:14');
/*!40000 ALTER TABLE `Directory` ENABLE KEYS */;
UNLOCK TABLES;

--
-- Table structure for table `DirectoryPermission`
--

DROP TABLE IF EXISTS `DirectoryPermission`;
/*!40101 SET @saved_cs_client     = @@character_set_client */;
/*!40101 SET character_set_client = utf8 */;
CREATE TABLE `DirectoryPermission` (
  `id` int(11) NOT NULL AUTO_INCREMENT,
  `AccountId` int(11) DEFAULT NULL,
  `DirectoryId` int(11) DEFAULT NULL,
  `type` varchar(255) DEFAULT NULL,
  `createdAt` datetime NOT NULL,
  `updatedAt` datetime NOT NULL,
  PRIMARY KEY (`id`)
) ENGINE=InnoDB AUTO_INCREMENT=10362 DEFAULT CHARSET=latin1;
/*!40101 SET character_set_client = @saved_cs_client */;

--
-- Dumping data for table `DirectoryPermission`
--

LOCK TABLES `DirectoryPermission` WRITE;
/*!40000 ALTER TABLE `DirectoryPermission` DISABLE KEYS */;
INSERT INTO `DirectoryPermission` VALUES (41,4,10007,'admin','2012-09-27 18:09:04','2012-09-27 18:09:04'),(42,3,10007,'admin','2012-09-27 18:25:39','2012-09-27 18:25:39'),(10001,3,10001,'admin','2012-08-23 19:50:59','2012-09-13 11:59:32'),(10002,3,10002,'admin','2012-08-23 19:50:59','2012-08-23 19:50:59'),(10005,3,10003,'admin','2012-08-23 19:50:59','2012-08-23 19:50:59'),(10006,3,10004,'admin','0000-00-00 00:00:00','2012-09-12 15:08:47'),(10007,4,10001,'admin','0000-00-00 00:00:00','0000-00-00 00:00:00'),(10010,4,10002,'admin','2012-09-10 04:41:38','2012-09-12 15:08:53'),(10013,4,10003,'admin','0000-00-00 00:00:00','0000-00-00 00:00:00'),(10014,4,10004,'admin','0000-00-00 00:00:00','0000-00-00 00:00:00'),(10016,2,10002,'admin','2012-09-14 04:06:44','2012-09-14 04:06:44'),(10017,2,10003,'admin','2012-09-14 04:06:44','2012-09-14 04:06:44'),(10018,2,10004,'admin','2012-09-14 04:06:44','2012-09-14 04:06:44'),(10028,2,10005,'admin','0000-00-00 00:00:00','0000-00-00 00:00:00'),(10029,2,10006,'admin','0000-00-00 00:00:00','0000-00-00 00:00:00'),(10030,2,10007,'admin','0000-00-00 00:00:00','0000-00-00 00:00:00'),(10031,2,10008,'admin','0000-00-00 00:00:00','0000-00-00 00:00:00'),(10032,2,10009,'admin','0000-00-00 00:00:00','0000-00-00 00:00:00'),(10033,3,10005,'admin','0000-00-00 00:00:00','0000-00-00 00:00:00'),(10034,3,10006,'admin','0000-00-00 00:00:00','0000-00-00 00:00:00'),(10035,3,10007,'admin','0000-00-00 00:00:00','0000-00-00 00:00:00'),(10036,3,10008,'admin','0000-00-00 00:00:00','0000-00-00 00:00:00'),(10037,3,10009,'admin','0000-00-00 00:00:00','0000-00-00 00:00:00'),(10038,4,10005,'admin','0000-00-00 00:00:00','0000-00-00 00:00:00'),(10040,4,10009,'admin','0000-00-00 00:00:00','0000-00-00 00:00:00'),(10041,5,10001,'read','2012-10-01 11:08:45','2012-10-01 11:08:45'),(10042,3,10010,'admin','2012-10-14 21:12:40','2012-10-14 21:12:40'),(10043,4,10010,'admin','2012-10-14 21:12:40','2012-10-14 21:12:40'),(10044,2,10010,'admin','2012-10-14 21:12:40','2012-10-14 21:12:40'),(10045,5,10010,'read','2012-10-14 21:12:40','2012-10-14 21:12:40'),(10050,3,10012,'admin','2012-10-15 20:43:08','2012-10-15 20:43:08'),(10051,4,10012,'admin','2012-10-15 20:43:08','2012-10-15 20:43:08'),(10052,2,10012,'admin','2012-10-15 20:43:08','2012-10-15 20:43:08'),(10053,5,10012,'read','2012-10-15 20:43:08','2012-10-15 20:43:08'),(10054,1,10012,'read','2012-10-15 20:43:08','2012-10-15 20:43:08'),(10063,3,10015,'admin','2012-10-22 16:47:09','2012-10-22 16:47:09'),(10064,4,10015,'admin','2012-10-22 16:47:09','2012-10-22 16:47:09'),(10065,2,10015,'admin','2012-10-22 16:47:09','2012-10-22 16:47:09'),(10066,3,10016,'admin','2012-10-22 16:47:14','2012-10-22 16:47:14'),(10067,4,10016,'admin','2012-10-22 16:47:14','2012-10-22 16:47:14'),(10068,2,10016,'admin','2012-10-22 16:47:14','2012-10-22 16:47:14'),(10072,3,10018,'admin','2012-10-22 16:47:31','2012-10-22 16:47:31'),(10073,4,10018,'admin','2012-10-22 16:47:31','2012-10-22 16:47:31'),(10074,2,10018,'admin','2012-10-22 16:47:31','2012-10-22 16:47:31'),(10078,3,10020,'admin','2012-10-22 23:20:37','2012-10-22 23:20:37'),(10079,4,10020,'admin','2012-10-22 23:20:37','2012-10-22 23:20:37'),(10080,2,10020,'admin','2012-10-22 23:20:37','2012-10-22 23:20:37'),(10081,5,10020,'read','2012-10-22 23:20:37','2012-10-22 23:20:37'),(10082,1,10020,'read','2012-10-22 23:20:37','2012-10-22 23:20:37'),(10086,3,10022,'admin','2012-10-22 23:22:13','2012-10-22 23:22:13'),(10087,4,10022,'admin','2012-10-22 23:22:13','2012-10-22 23:22:13'),(10088,2,10022,'admin','2012-10-22 23:22:13','2012-10-22 23:22:13'),(10092,3,10024,'admin','2012-10-22 23:24:25','2012-10-22 23:24:25'),(10094,2,10024,'admin','2012-10-22 23:24:25','2012-10-22 23:24:25'),(10170,3,10050,'admin','2012-10-23 00:09:24','2012-10-23 00:09:24'),(10171,4,10050,'admin','2012-10-23 00:09:24','2012-10-23 00:09:24'),(10172,2,10050,'admin','2012-10-23 00:09:24','2012-10-23 00:09:24'),(10173,3,10051,'admin','2012-10-23 00:09:31','2012-10-23 00:09:31'),(10174,4,10051,'admin','2012-10-23 00:09:31','2012-10-23 00:09:31'),(10175,2,10051,'admin','2012-10-23 00:09:31','2012-10-23 00:09:31'),(10176,3,10052,'admin','2012-10-23 00:09:37','2012-10-23 00:09:37'),(10177,4,10052,'admin','2012-10-23 00:09:37','2012-10-23 00:09:37'),(10178,2,10052,'admin','2012-10-23 00:09:37','2012-10-23 00:09:37'),(10188,3,10056,'admin','2012-10-23 00:25:51','2012-10-23 00:25:51'),(10189,4,10056,'admin','2012-10-23 00:25:51','2012-10-23 00:25:51'),(10190,2,10056,'admin','2012-10-23 00:25:51','2012-10-23 00:25:51'),(10191,3,10057,'admin','2012-10-23 00:25:53','2012-10-23 00:25:53'),(10192,4,10057,'admin','2012-10-23 00:25:53','2012-10-23 00:25:53'),(10193,2,10057,'admin','2012-10-23 00:25:53','2012-10-23 00:25:53'),(10194,3,10058,'admin','2012-10-23 00:26:01','2012-10-23 00:26:01'),(10195,4,10058,'admin','2012-10-23 00:26:01','2012-10-23 00:26:01'),(10196,2,10058,'admin','2012-10-23 00:26:01','2012-10-23 00:26:01'),(10197,3,10059,'admin','2012-10-23 00:26:04','2012-10-23 00:26:04'),(10198,4,10059,'admin','2012-10-23 00:26:04','2012-10-23 00:26:04'),(10199,2,10059,'admin','2012-10-23 00:26:04','2012-10-23 00:26:04'),(10200,3,10060,'admin','2012-10-23 00:26:05','2012-10-23 00:26:05'),(10201,4,10060,'admin','2012-10-23 00:26:05','2012-10-23 00:26:05'),(10202,2,10060,'admin','2012-10-23 00:26:05','2012-10-23 00:26:05'),(10203,3,10061,'admin','2012-10-23 00:26:41','2012-10-23 00:26:41'),(10204,4,10061,'admin','2012-10-23 00:26:41','2012-10-23 00:26:41'),(10205,2,10061,'admin','2012-10-23 00:26:41','2012-10-23 00:26:41'),(10206,3,10062,'admin','2012-10-23 00:27:14','2012-10-23 00:27:14'),(10207,4,10062,'admin','2012-10-23 00:27:14','2012-10-23 00:27:14'),(10208,2,10062,'admin','2012-10-23 00:27:14','2012-10-23 00:27:14'),(10263,31,10002,'read','2012-10-26 15:04:52','2012-10-26 15:04:52'),(10287,2,10074,'admin','2012-10-30 14:18:32','2012-10-30 14:18:32'),(10288,3,10074,'admin','2012-10-30 14:18:32','2012-10-30 14:18:32'),(10331,2,10089,'admin','2012-10-30 16:41:10','2012-10-30 16:41:10'),(10332,3,10089,'admin','2012-10-30 16:41:10','2012-10-30 16:41:10'),(10333,2,10090,'admin','2012-10-30 16:41:36','2012-10-30 16:41:36'),(10334,3,10090,'admin','2012-10-30 16:41:36','2012-10-30 16:41:36'),(10335,2,10091,'admin','2012-10-30 16:42:06','2012-10-30 16:42:06'),(10336,3,10091,'admin','2012-10-30 16:42:06','2012-10-30 16:42:06'),(10345,3,10095,'admin','2012-10-30 16:46:56','2012-10-30 16:46:56'),(10346,4,10095,'admin','2012-10-30 16:46:56','2012-10-30 16:46:56'),(10347,2,10095,'admin','2012-10-30 16:46:56','2012-10-30 16:46:56'),(10348,2,10096,'admin','2012-10-30 16:47:40','2012-10-30 16:47:40'),(10349,3,10096,'admin','2012-10-30 16:47:40','2012-10-30 16:47:40'),(10350,2,10097,'admin','2012-10-30 16:48:22','2012-10-30 16:48:22'),(10351,3,10097,'admin','2012-10-30 16:48:22','2012-10-30 16:48:22'),(10352,2,10098,'admin','2012-10-30 16:48:38','2012-10-30 16:48:38'),(10353,3,10098,'admin','2012-10-30 16:48:38','2012-10-30 16:48:38'),(10354,2,10099,'admin','2012-10-30 16:52:14','2012-10-30 16:52:14'),(10355,3,10099,'admin','2012-10-30 16:52:14','2012-10-30 16:52:14'),(10356,2,10100,'admin','2012-10-30 16:55:50','2012-10-30 16:55:50'),(10357,3,10100,'admin','2012-10-30 16:55:50','2012-10-30 16:55:50'),(10358,2,10101,'admin','2012-10-30 16:58:14','2012-10-30 16:58:14'),(10359,3,10101,'admin','2012-10-30 16:58:14','2012-10-30 16:58:14'),(10361,34,10002,'read','2012-10-31 11:22:31','2012-10-31 11:22:31');
/*!40000 ALTER TABLE `DirectoryPermission` ENABLE KEYS */;
UNLOCK TABLES;

--
-- Table structure for table `Experiment`
--

DROP TABLE IF EXISTS `Experiment`;
/*!40101 SET @saved_cs_client     = @@character_set_client */;
/*!40101 SET character_set_client = utf8 */;
CREATE TABLE `Experiment` (
  `title` varchar(255) DEFAULT NULL,
  `value` int(11) DEFAULT NULL,
  `id` int(11) NOT NULL AUTO_INCREMENT,
  `createdAt` datetime NOT NULL,
  `updatedAt` datetime NOT NULL,
  PRIMARY KEY (`id`)
) ENGINE=InnoDB DEFAULT CHARSET=latin1;
/*!40101 SET character_set_client = @saved_cs_client */;

--
-- Dumping data for table `Experiment`
--

LOCK TABLES `Experiment` WRITE;
/*!40000 ALTER TABLE `Experiment` DISABLE KEYS */;
/*!40000 ALTER TABLE `Experiment` ENABLE KEYS */;
UNLOCK TABLES;

--
-- Table structure for table `FilePermission`
--

DROP TABLE IF EXISTS `FilePermission`;
/*!40101 SET @saved_cs_client     = @@character_set_client */;
/*!40101 SET character_set_client = utf8 */;
CREATE TABLE `FilePermission` (
  `id` int(11) NOT NULL AUTO_INCREMENT,
  `AccountId` int(11) DEFAULT NULL,
  `FileId` int(11) DEFAULT NULL,
  `type` varchar(255) DEFAULT NULL,
  `createdAt` datetime NOT NULL,
  `updatedAt` datetime NOT NULL,
  PRIMARY KEY (`id`)
) ENGINE=InnoDB AUTO_INCREMENT=213 DEFAULT CHARSET=latin1;
/*!40101 SET character_set_client = @saved_cs_client */;

--
-- Dumping data for table `FilePermission`
--

LOCK TABLES `FilePermission` WRITE;
/*!40000 ALTER TABLE `FilePermission` DISABLE KEYS */;
INSERT INTO `FilePermission` VALUES (26,3,10,'admin','2012-10-04 11:53:46','2012-10-04 11:53:46'),(27,4,10,'admin','2012-10-04 11:53:46','2012-10-04 11:53:46'),(28,2,10,'admin','2012-10-04 11:53:46','2012-10-04 11:53:46'),(29,5,10,'read','2012-10-04 11:53:46','2012-10-04 11:53:46'),(30,3,11,'admin','2012-10-16 15:31:49','2012-10-16 15:31:49'),(31,4,11,'admin','2012-10-16 15:31:49','2012-10-16 15:31:49'),(32,2,11,'admin','2012-10-16 15:31:49','2012-10-16 15:31:49'),(33,5,11,'read','2012-10-16 15:31:49','2012-10-16 15:31:49'),(34,1,11,'read','2012-10-16 15:31:49','2012-10-16 15:31:49'),(35,3,12,'admin','2012-10-16 15:31:59','2012-10-16 15:31:59'),(36,4,12,'admin','2012-10-16 15:31:59','2012-10-16 15:31:59'),(37,2,12,'admin','2012-10-16 15:31:59','2012-10-16 15:31:59'),(38,5,12,'read','2012-10-16 15:31:59','2012-10-16 15:31:59'),(39,1,12,'read','2012-10-16 15:31:59','2012-10-16 15:31:59'),(40,3,13,'admin','2012-10-16 16:51:07','2012-10-16 16:51:07'),(41,4,13,'admin','2012-10-16 16:51:07','2012-10-16 16:51:07'),(42,2,13,'admin','2012-10-16 16:51:07','2012-10-16 16:51:07'),(43,5,13,'read','2012-10-16 16:51:07','2012-10-16 16:51:07'),(44,1,13,'read','2012-10-16 16:51:07','2012-10-16 16:51:07'),(45,3,14,'admin','2012-10-16 16:54:20','2012-10-16 16:54:20'),(46,4,14,'admin','2012-10-16 16:54:20','2012-10-16 16:54:20'),(47,2,14,'admin','2012-10-16 16:54:20','2012-10-16 16:54:20'),(48,5,14,'read','2012-10-16 16:54:20','2012-10-16 16:54:20'),(49,1,14,'read','2012-10-16 16:54:20','2012-10-16 16:54:20'),(50,3,15,'admin','2012-10-16 16:54:30','2012-10-16 16:54:30'),(51,4,15,'admin','2012-10-16 16:54:30','2012-10-16 16:54:30'),(52,2,15,'admin','2012-10-16 16:54:30','2012-10-16 16:54:30'),(53,5,15,'read','2012-10-16 16:54:30','2012-10-16 16:54:30'),(54,1,15,'read','2012-10-16 16:54:30','2012-10-16 16:54:30'),(55,3,16,'admin','2012-10-16 16:56:30','2012-10-16 16:56:30'),(56,4,16,'admin','2012-10-16 16:56:30','2012-10-16 16:56:30'),(57,2,16,'admin','2012-10-16 16:56:30','2012-10-16 16:56:30'),(58,5,16,'read','2012-10-16 16:56:30','2012-10-16 16:56:30'),(59,1,16,'read','2012-10-16 16:56:30','2012-10-16 16:56:30'),(60,3,17,'admin','2012-10-16 17:02:20','2012-10-16 17:02:20'),(61,4,17,'admin','2012-10-16 17:02:20','2012-10-16 17:02:20'),(62,2,17,'admin','2012-10-16 17:02:20','2012-10-16 17:02:20'),(63,5,17,'read','2012-10-16 17:02:20','2012-10-16 17:02:20'),(64,1,17,'read','2012-10-16 17:02:20','2012-10-16 17:02:20'),(65,3,18,'admin','2012-10-16 17:03:43','2012-10-16 17:03:43'),(66,4,18,'admin','2012-10-16 17:03:43','2012-10-16 17:03:43'),(67,2,18,'admin','2012-10-16 17:03:43','2012-10-16 17:03:43'),(68,5,18,'read','2012-10-16 17:03:43','2012-10-16 17:03:43'),(69,1,18,'read','2012-10-16 17:03:43','2012-10-16 17:03:43'),(70,3,19,'admin','2012-10-16 17:14:35','2012-10-16 17:14:35'),(71,4,19,'admin','2012-10-16 17:14:35','2012-10-16 17:14:35'),(72,2,19,'admin','2012-10-16 17:14:35','2012-10-16 17:14:35'),(73,5,19,'read','2012-10-16 17:14:35','2012-10-16 17:14:35'),(74,1,19,'read','2012-10-16 17:14:35','2012-10-16 17:14:35'),(75,4,20,'admin','2012-10-17 10:33:36','2012-10-17 10:33:36'),(76,3,20,'admin','2012-10-17 10:33:36','2012-10-17 10:33:36'),(77,2,20,'admin','2012-10-17 10:33:36','2012-10-17 10:33:36'),(78,3,20,'admin','2012-10-17 10:33:36','2012-10-17 10:33:36'),(91,4,24,'admin','2012-10-17 10:41:44','2012-10-17 10:41:44'),(92,3,24,'admin','2012-10-17 10:41:44','2012-10-17 10:41:44'),(93,2,24,'admin','2012-10-17 10:41:44','2012-10-17 10:41:44'),(94,3,24,'admin','2012-10-17 10:41:44','2012-10-17 10:41:44'),(99,4,26,'admin','2012-10-17 10:49:07','2012-10-17 10:49:07'),(100,3,26,'admin','2012-10-17 10:49:07','2012-10-17 10:49:07'),(101,2,26,'admin','2012-10-17 10:49:07','2012-10-17 10:49:07'),(102,3,26,'admin','2012-10-17 10:49:07','2012-10-17 10:49:07'),(113,3,29,'admin','2012-10-17 10:56:46','2012-10-17 10:56:46'),(114,4,29,'admin','2012-10-17 10:56:46','2012-10-17 10:56:46'),(115,2,29,'admin','2012-10-17 10:56:46','2012-10-17 10:56:46'),(116,5,29,'read','2012-10-17 10:56:46','2012-10-17 10:56:46'),(117,1,29,'read','2012-10-17 10:56:46','2012-10-17 10:56:46'),(118,3,30,'admin','2012-10-17 11:14:51','2012-10-17 11:14:51'),(119,4,30,'admin','2012-10-17 11:14:51','2012-10-17 11:14:51'),(120,2,30,'admin','2012-10-17 11:14:51','2012-10-17 11:14:51'),(121,5,30,'read','2012-10-17 11:14:51','2012-10-17 11:14:51'),(122,1,30,'read','2012-10-17 11:14:51','2012-10-17 11:14:51'),(123,3,31,'admin','2012-10-17 11:15:04','2012-10-17 11:15:04'),(124,4,31,'admin','2012-10-17 11:15:04','2012-10-17 11:15:04'),(125,2,31,'admin','2012-10-17 11:15:04','2012-10-17 11:15:04'),(126,5,31,'read','2012-10-17 11:15:04','2012-10-17 11:15:04'),(127,1,31,'read','2012-10-17 11:15:04','2012-10-17 11:15:04'),(134,3,34,'admin','2012-10-17 14:10:55','2012-10-17 14:10:55'),(135,4,34,'admin','2012-10-17 14:10:55','2012-10-17 14:10:55'),(136,2,34,'admin','2012-10-17 14:10:55','2012-10-17 14:10:55'),(137,3,35,'admin','2012-10-17 14:12:17','2012-10-17 14:12:17'),(138,4,35,'admin','2012-10-17 14:12:17','2012-10-17 14:12:17'),(139,2,35,'admin','2012-10-17 14:12:17','2012-10-17 14:12:17'),(140,3,37,'admin','2012-10-18 00:00:10','2012-10-18 00:00:10'),(141,4,37,'admin','2012-10-18 00:00:10','2012-10-18 00:00:10'),(142,2,37,'admin','2012-10-18 00:00:10','2012-10-18 00:00:10'),(143,3,38,'admin','2012-10-18 00:00:18','2012-10-18 00:00:18'),(144,4,38,'admin','2012-10-18 00:00:18','2012-10-18 00:00:18'),(145,2,38,'admin','2012-10-18 00:00:18','2012-10-18 00:00:18'),(146,3,39,'admin','2012-10-18 00:03:13','2012-10-18 00:03:13'),(147,4,39,'admin','2012-10-18 00:03:13','2012-10-18 00:03:13'),(148,2,39,'admin','2012-10-18 00:03:13','2012-10-18 00:03:13'),(149,3,40,'admin','2012-10-18 00:03:22','2012-10-18 00:03:22'),(150,4,40,'admin','2012-10-18 00:03:22','2012-10-18 00:03:22'),(151,2,40,'admin','2012-10-18 00:03:22','2012-10-18 00:03:22'),(152,3,41,'admin','2012-10-18 00:07:35','2012-10-18 00:07:35'),(153,4,41,'admin','2012-10-18 00:07:35','2012-10-18 00:07:35'),(154,2,41,'admin','2012-10-18 00:07:35','2012-10-18 00:07:35'),(155,3,42,'admin','2012-10-18 00:07:44','2012-10-18 00:07:44'),(156,4,42,'admin','2012-10-18 00:07:44','2012-10-18 00:07:44'),(157,2,42,'admin','2012-10-18 00:07:44','2012-10-18 00:07:44'),(158,3,43,'admin','2012-10-18 00:09:19','2012-10-18 00:09:19'),(159,4,43,'admin','2012-10-18 00:09:19','2012-10-18 00:09:19'),(160,2,43,'admin','2012-10-18 00:09:19','2012-10-18 00:09:19'),(161,3,44,'admin','2012-10-18 00:11:07','2012-10-18 00:11:07'),(162,4,44,'admin','2012-10-18 00:11:07','2012-10-18 00:11:07'),(163,2,44,'admin','2012-10-18 00:11:07','2012-10-18 00:11:07'),(164,3,45,'admin','2012-10-18 00:11:21','2012-10-18 00:11:21'),(165,4,45,'admin','2012-10-18 00:11:21','2012-10-18 00:11:21'),(166,2,45,'admin','2012-10-18 00:11:21','2012-10-18 00:11:21'),(167,3,46,'admin','2012-10-18 00:12:55','2012-10-18 00:12:55'),(168,4,46,'admin','2012-10-18 00:12:55','2012-10-18 00:12:55'),(169,2,46,'admin','2012-10-18 00:12:55','2012-10-18 00:12:55'),(170,3,47,'admin','2012-10-18 00:14:42','2012-10-18 00:14:42'),(171,4,47,'admin','2012-10-18 00:14:42','2012-10-18 00:14:42'),(172,2,47,'admin','2012-10-18 00:14:42','2012-10-18 00:14:42'),(173,3,48,'admin','2012-10-18 00:14:49','2012-10-18 00:14:49'),(174,4,48,'admin','2012-10-18 00:14:49','2012-10-18 00:14:49'),(175,2,48,'admin','2012-10-18 00:14:49','2012-10-18 00:14:49'),(176,3,49,'admin','2012-10-18 00:14:57','2012-10-18 00:14:57'),(177,4,49,'admin','2012-10-18 00:14:57','2012-10-18 00:14:57'),(178,2,49,'admin','2012-10-18 00:14:57','2012-10-18 00:14:57'),(179,2,50,'admin','2012-10-18 00:26:17','2012-10-18 00:26:17'),(180,3,50,'admin','2012-10-18 00:26:17','2012-10-18 00:26:17'),(181,4,50,'admin','2012-10-18 00:26:17','2012-10-18 00:26:17'),(182,3,51,'admin','2012-10-18 00:27:55','2012-10-18 00:27:55'),(183,4,51,'admin','2012-10-18 00:27:55','2012-10-18 00:27:55'),(184,2,51,'admin','2012-10-18 00:27:55','2012-10-18 00:27:55'),(185,2,52,'admin','2012-10-18 00:28:03','2012-10-18 00:28:03'),(186,3,52,'admin','2012-10-18 00:28:03','2012-10-18 00:28:03'),(187,4,52,'admin','2012-10-18 00:28:03','2012-10-18 00:28:03'),(188,3,53,'admin','2012-10-18 00:28:18','2012-10-18 00:28:18'),(189,4,53,'admin','2012-10-18 00:28:18','2012-10-18 00:28:18'),(190,2,53,'admin','2012-10-18 00:28:18','2012-10-18 00:28:18'),(191,3,54,'admin','2012-10-18 00:28:25','2012-10-18 00:28:25'),(192,4,54,'admin','2012-10-18 00:28:25','2012-10-18 00:28:25'),(193,2,54,'admin','2012-10-18 00:28:25','2012-10-18 00:28:25'),(194,3,55,'admin','2012-10-18 00:35:34','2012-10-18 00:35:34'),(195,4,55,'admin','2012-10-18 00:35:34','2012-10-18 00:35:34'),(196,2,55,'admin','2012-10-18 00:35:34','2012-10-18 00:35:34'),(197,3,56,'admin','2012-10-18 00:35:43','2012-10-18 00:35:43'),(198,4,56,'admin','2012-10-18 00:35:43','2012-10-18 00:35:43'),(199,2,56,'admin','2012-10-18 00:35:43','2012-10-18 00:35:43'),(200,3,57,'admin','2012-10-18 00:36:39','2012-10-18 00:36:39'),(201,4,57,'admin','2012-10-18 00:36:39','2012-10-18 00:36:39'),(202,2,57,'admin','2012-10-18 00:36:39','2012-10-18 00:36:39'),(203,3,58,'admin','2012-10-22 16:39:20','2012-10-22 16:39:20'),(204,4,58,'admin','2012-10-22 16:39:20','2012-10-22 16:39:20'),(205,2,58,'admin','2012-10-22 16:39:20','2012-10-22 16:39:20'),(206,3,59,'admin','2012-10-23 00:18:48','2012-10-23 00:18:48'),(207,4,59,'admin','2012-10-23 00:18:48','2012-10-23 00:18:48'),(208,2,59,'admin','2012-10-23 00:18:48','2012-10-23 00:18:48'),(209,3,60,'admin','2012-10-23 00:19:00','2012-10-23 00:19:00'),(210,4,60,'admin','2012-10-23 00:19:00','2012-10-23 00:19:00'),(211,2,60,'admin','2012-10-23 00:19:00','2012-10-23 00:19:00'),(212,1,55,'read','2012-10-23 21:16:39','2012-10-23 21:16:39');
/*!40000 ALTER TABLE `FilePermission` ENABLE KEYS */;
UNLOCK TABLES;

--
-- Table structure for table `Role`
--

DROP TABLE IF EXISTS `Role`;
/*!40101 SET @saved_cs_client     = @@character_set_client */;
/*!40101 SET character_set_client = utf8 */;
CREATE TABLE `Role` (
  `name` varchar(255) DEFAULT NULL,
  `id` int(11) NOT NULL AUTO_INCREMENT,
  `createdAt` datetime NOT NULL,
  `updatedAt` datetime NOT NULL,
  PRIMARY KEY (`id`)
) ENGINE=InnoDB DEFAULT CHARSET=latin1;
/*!40101 SET character_set_client = @saved_cs_client */;

--
-- Dumping data for table `Role`
--

LOCK TABLES `Role` WRITE;
/*!40000 ALTER TABLE `Role` DISABLE KEYS */;
/*!40000 ALTER TABLE `Role` ENABLE KEYS */;
UNLOCK TABLES;

--
-- Table structure for table `account`
--

DROP TABLE IF EXISTS `account`;
/*!40101 SET @saved_cs_client     = @@character_set_client */;
/*!40101 SET character_set_client = utf8 */;
CREATE TABLE `account` (
  `username` varchar(255) DEFAULT NULL,
  `password` varchar(255) DEFAULT NULL,
  `id` int(11) NOT NULL AUTO_INCREMENT,
  `createdAt` datetime NOT NULL,
  `updatedAt` datetime NOT NULL,
  `name` varchar(255) DEFAULT NULL,
  `email` varchar(255) DEFAULT NULL,
  `isAdmin` tinyint(4) DEFAULT '0',
  `verificationCode` varchar(255) DEFAULT NULL,
  `verified` tinyint(3) unsigned DEFAULT '0',
  PRIMARY KEY (`id`)
) ENGINE=InnoDB AUTO_INCREMENT=35 DEFAULT CHARSET=latin1;
/*!40101 SET character_set_client = @saved_cs_client */;

--
-- Dumping data for table `account`
--

LOCK TABLES `account` WRITE;
/*!40000 ALTER TABLE `account` DISABLE KEYS */;
INSERT INTO `account` VALUES ('testAccountA','1',1,'2012-08-23 19:50:58','2012-08-23 19:50:58','Gabe Hernandez','scottmgress@gmail.com',0,NULL,1),('a','a',2,'2012-08-23 19:50:58','2012-08-23 19:50:58','Heather White','heather@balderdash.co',0,NULL,1),('testAccountC','mike',3,'2012-08-23 19:50:58','2012-08-23 19:50:58','Mike McNeil','mike@balderdash.co',0,NULL,1),(NULL,'geoff',4,'0000-00-00 00:00:00','0000-00-00 00:00:00','Geoff Tudor','gttudor@gmail.com',0,NULL,1),(NULL,'patrick',5,'0000-00-00 00:00:00','0000-00-00 00:00:00','Patrick Harr','pwharr@gmail.com',0,NULL,1),(NULL,'lani',6,'0000-00-00 00:00:00','0000-00-00 00:00:00','Lani Harr','lani@olympus.io',0,NULL,1),('b','b',7,'2012-10-24 13:15:16','2012-10-24 13:22:54','test','test@test.com',0,'abcdefg',1),('scott@pigandcow.com','sgress',31,'2012-10-26 15:04:52','2012-10-29 14:23:33','scotty g','scott@pigandcow.com',0,'67bafa50-1fa8-11e2-8ce0-add884ebc0d9',1),('TESTUSER','abcdefg',32,'2012-10-26 16:28:14','2012-10-26 16:28:14',NULL,NULL,0,NULL,1),('scott@craftlaunch.com','sgress',34,'2012-10-31 11:22:31','2012-10-31 11:23:12','scotty gress','scott@craftlaunch.com',NULL,'2b91c4f0-2377-11e2-bd18-ddc170c5e1b4',1);
/*!40000 ALTER TABLE `account` ENABLE KEYS */;
UNLOCK TABLES;

--
-- Table structure for table `file`
--

DROP TABLE IF EXISTS `file`;
/*!40101 SET @saved_cs_client     = @@character_set_client */;
/*!40101 SET character_set_client = utf8 */;
CREATE TABLE `file` (
  `id` int(11) NOT NULL AUTO_INCREMENT,
  `DirectoryId` int(11) DEFAULT NULL,
  `name` varchar(255) DEFAULT NULL,
  `mimetype` varchar(255) DEFAULT NULL,
  `deleted` tinyint(1) DEFAULT NULL,
  `createdAt` datetime NOT NULL,
  `updatedAt` datetime NOT NULL,
  `size` int(11) NOT NULL DEFAULT '0',
  `fsName` varchar(255) NOT NULL DEFAULT '',
  PRIMARY KEY (`id`)
) ENGINE=InnoDB AUTO_INCREMENT=61 DEFAULT CHARSET=latin1;
/*!40101 SET character_set_client = @saved_cs_client */;

--
-- Dumping data for table `file`
--

LOCK TABLES `file` WRITE;
/*!40000 ALTER TABLE `file` DISABLE KEYS */;
INSERT INTO `file` VALUES (9,NULL,'icon-search-black.png',NULL,1,'2012-10-01 11:08:25','2012-10-01 11:09:50',1245,'3b00d180-0be2-11e2-98eb-5b7293251fda.png'),(10,10001,'test',NULL,NULL,'2012-10-04 11:53:46','2012-10-15 12:46:22',321949,'103797e0-0e44-11e2-8060-09acf1591dd7.png'),(11,10001,'103797e0-0e44-11e2-8060-09acf1591dd7 (1).png',NULL,NULL,'2012-10-16 15:31:49','2012-10-16 15:31:49',321949,'82f24c90-17d0-11e2-a3be-edd7ac3d955f.png'),(12,10001,'screenShot04.png',NULL,NULL,'2012-10-16 15:31:59','2012-10-16 15:31:59',115695,'89305a20-17d0-11e2-a3be-edd7ac3d955f.png'),(13,10001,'103797e0-0e44-11e2-8060-09acf1591dd7 (1).png',NULL,NULL,'2012-10-16 16:51:07','2012-10-16 16:51:07',321949,'97460000-17db-11e2-98cc-c59d8735e8ac.png'),(14,10001,'103797e0-0e44-11e2-8060-09acf1591dd7 (1).png',NULL,NULL,'2012-10-16 16:54:20','2012-10-16 16:54:20',321949,'0a369750-17dc-11e2-95bd-df9c12928c2c.png'),(15,10001,'US6779118.pdf',NULL,NULL,'2012-10-16 16:54:30','2012-10-16 16:54:30',127181,'106143f0-17dc-11e2-95bd-df9c12928c2c.pdf'),(16,10001,'mongodb-osx-x86_64-2.2.0.tgz',NULL,NULL,'2012-10-16 16:56:30','2012-10-16 16:56:30',59903366,'57805b90-17dc-11e2-a071-bd98db2138d3.tgz'),(17,10001,'new_one_528am.js',NULL,NULL,'2012-10-16 17:02:20','2012-10-16 17:02:20',9612,'28034390-17dd-11e2-8ffc-b570830c49cf.js'),(18,10001,'driver_wifi_realtek_os2010171a.exe',NULL,NULL,'2012-10-16 17:03:43','2012-10-16 17:03:43',19182536,'59e16090-17dd-11e2-8ffc-b570830c49cf.exe'),(19,10001,'from_scratch_logo.jpg',NULL,NULL,'2012-10-16 17:14:35','2012-10-16 17:14:35',95010,'de954800-17de-11e2-abb6-c34afaedd04c.jpg'),(20,10007,'Mix CD playlists.txt',NULL,NULL,'2012-10-17 10:33:35','2012-10-17 10:33:35',1011,'042ba870-1870-11e2-a2c1-9d7c5935304d.txt'),(21,NULL,'program_6576.xls',NULL,1,'2012-10-17 10:35:34','2012-10-17 10:38:38',83456,'4a93cc20-1870-11e2-a2c1-9d7c5935304d.xls'),(22,NULL,'AAPI2_981.xls',NULL,1,'2012-10-17 10:38:50','2012-10-17 10:41:14',41472,'bf851570-1870-11e2-8448-29d3d65f85e7.xls'),(23,NULL,'centers_2006_2007.xls',NULL,1,'2012-10-17 10:40:02','2012-10-17 10:41:10',73728,'ea934520-1870-11e2-8448-29d3d65f85e7.xls'),(24,10007,'program_6576.xls',NULL,NULL,'2012-10-17 10:41:44','2012-10-17 10:41:44',83456,'27650880-1871-11e2-9707-a74d3cdcd54a.xls'),(25,NULL,'AAPI2_5011.xls','application/vnd.ms-excel',1,'2012-10-17 10:47:08','2012-10-17 10:48:52',10752,'e8327c50-1871-11e2-a0e5-51b339217ce5.xls'),(26,10007,'AAPI2_981.xls','application/vnd.ms-excel',NULL,'2012-10-17 10:49:07','2012-10-17 10:49:07',41472,'2f68ec80-1872-11e2-beaf-b9576cc90c5e.xls'),(27,NULL,'AAPI2_5011.xls','application/vnd.ms-excel',1,'2012-10-17 10:50:21','2012-10-17 10:54:21',10752,'5b626690-1872-11e2-beaf-b9576cc90c5e.xls'),(28,NULL,'AAPI2_371.xls','application/vnd.ms-excel',1,'2012-10-17 10:54:31','2012-10-17 10:56:31',41472,'f0ba5d60-1872-11e2-af77-699d2d19acd1.xls'),(29,10001,'program_6576.xls','application/vnd.ms-excel',NULL,'2012-10-17 10:56:46','2012-10-17 10:56:46',83456,'40ca6d90-1873-11e2-9656-b140360ee63f.xls'),(30,10001,'program_6576.csv','text/csv',NULL,'2012-10-17 11:14:51','2012-10-17 11:14:51',24436,'c79b7330-1875-11e2-bf07-3b6a61c273e5.csv'),(32,NULL,'Austin Startup Week Sponsor Material.pptx','application/vnd.openxmlformats-officedocument.pres',1,'2012-10-17 14:08:20','2012-10-17 14:10:30',56724,'043a52d0-188e-11e2-b055-f16999645fad.pptx'),(33,NULL,'zz.docx','image/png',1,'2012-10-17 14:08:55','2012-10-22 15:24:23',4931,'18966bb0-188e-11e2-b055-f16999645fad.png'),(34,10004,'Austin Startup Week Sponsor Material.pptx','application/vnd.openxmlformats-officedocument.presentationml.presentation',NULL,'2012-10-17 14:10:55','2012-10-18 00:36:06',56724,'609bebb0-188e-11e2-b055-f16999645fad.pptx'),(55,10065,'a.docx','application/vnd.openxmlformats-officedocument.wordprocessingml.document',NULL,'2012-10-18 00:35:34','2012-10-30 14:07:12',4838,'a3931900-18e5-11e2-b712-6dcb5684f717.docx'),(56,10003,'b.docx','application/vnd.openxmlformats-officedocument.wordprocessingml.document',NULL,'2012-10-18 00:35:43','2012-10-18 00:36:31',4838,'a8c42360-18e5-11e2-b712-6dcb5684f717.docx'),(57,10003,'j.docx','application/vnd.openxmlformats-officedocument.wordprocessingml.document',NULL,'2012-10-18 00:36:39','2012-10-22 16:39:01',4838,'ca358a20-18e5-11e2-b712-6dcb5684f717.docx'),(58,10003,'evil_right.jpg','image/jpeg',NULL,'2012-10-22 16:39:20','2012-10-22 16:39:45',48788,'f06845d0-1c90-11e2-9f44-170305512abb.jpg'),(59,10004,'bolt_logo.png','image/png',NULL,'2012-10-23 00:18:48','2012-10-23 00:18:48',261809,'1fcda690-1cd1-11e2-839e-831f4e8f3f15.png'),(60,10004,'bolt_logo.png (copy)','image/png',NULL,'2012-10-23 00:19:00','2012-10-23 00:19:00',261809,'270640c0-1cd1-11e2-839e-831f4e8f3f15.png');
/*!40000 ALTER TABLE `file` ENABLE KEYS */;
UNLOCK TABLES;
/*!40103 SET TIME_ZONE=@OLD_TIME_ZONE */;

/*!40101 SET SQL_MODE=@OLD_SQL_MODE */;
/*!40014 SET FOREIGN_KEY_CHECKS=@OLD_FOREIGN_KEY_CHECKS */;
/*!40014 SET UNIQUE_CHECKS=@OLD_UNIQUE_CHECKS */;
/*!40101 SET CHARACTER_SET_CLIENT=@OLD_CHARACTER_SET_CLIENT */;
/*!40101 SET CHARACTER_SET_RESULTS=@OLD_CHARACTER_SET_RESULTS */;
/*!40101 SET COLLATION_CONNECTION=@OLD_COLLATION_CONNECTION */;
/*!40111 SET SQL_NOTES=@OLD_SQL_NOTES */;

-- Dump completed on 2012-10-31 12:31:07
